Period,TPU,GPR,DMGSRMRCHSACD,IPTOTSAKD,IMPCOV,NEER,REER,RETSALESSA,TOTRESV,UNEMPSA_,GEPU
2010-01-01,24.49080819667049,91.58102416992188,1802235.38020615,1279704074139.2,4.88031100602,99.710300124,99.8820753831,100.97000130453,8795469.16145533,8.2665555311,113.05513093728015
2010-02-01,18.847336573752603,80.72535705566406,1853261.72308955,1283711886327.43,4.75124077535,100.05849734858,100.1446558263,101.12152574864,8805292.66614001,8.20689733631,111.37677642379523
2010-03-01,28.556672843819303,74.116943359375,1819303.85173079,1300778378518.7,4.88215768521,99.91002417215,99.8685809527,102.10017724659,8882128.28145697,8.18857863023,107.563774619954
2010-04-01,25.487728130899935,88.76158142089844,1811889.13479233,1309634407108.85,4.9780645829,99.82697899344,99.73611412633,95.65931382817,9019701.13004515,8.21021929298,103.82784400416202
2010-05-01,21.410693284279724,88.95870971679688,1774452.82936525,1319176267892.85,5.05778790226,100.4864604204,100.39064510721,96.1089637164,8974806.05348598,8.11685371124,146.92556106038913
2010-06-01,27.382767526527058,96.45369720458984,1824440.49431274,1318711680220.03,4.94416948129,100.79829214616,100.70844574557,96.6664907029,9020343.01241543,8.04554167063,134.13374285556588
2010-07-01,28.694404591104732,79.38137817382812,1857320.0812245,1323057971008.61,4.98275339867,100.46275515089,100.43382522301,98.50510903379,9254567.94713021,8.01969892653,141.94640795621547
2010-08-01,29.789419619928093,80.99386596679688,1863791.97892916,1328879917583.25,4.9814377533,100.29942129913,100.30294716116,98.45688422283,9284363.72814343,7.98866702723,121.06613377422433
2010-09-01,31.495551659198647,71.16854858398438,1900221.39831383,1335530908956.06,5.05737473598,100.05276092489,100.04903611813,99.25784523236,9610131.69260876,7.98391591235,132.6654607029392
2010-10-01,31.012988608100223,65.99193572998047,1931139.88953637,1344291217391.23,5.08256211751,99.33531071586,99.35025881027,103.51405044643,9815138.44617109,8.01670418004,122.84443467042246
2010-11-01,30.492857379602928,94.70516967773438,1992744.85364341,1353028986804.63,4.88100409225,99.38517762509,99.42739268668,103.98305141306,9726595.78544974,7.98115893695,127.55643625223544
2010-12-01,32.20994100495016,97.20389556884766,2000957.35819789,1360730410554.78,4.93688208885,99.65908174568,99.67035347865,103.6565871043,9878490.54223221,7.91607150816,130.45878803160824
2011-01-01,30.23888720895071,79.42161560058594,2078046.40331195,1371230701302.13,4.83493286421,99.37041605781,99.55907387583,105.07325669543,10047214.8487232,7.90040688506,110.53464858595125
2011-02-01,24.95229707911346,90.01448822021484,2110676.2964536,1369901898282.85,4.82962733016,99.22779905637,99.39751607688,105.25299403895,10193779.9264693,7.8806510847,93.99481739558018
2011-03-01,29.94775073276411,136.8883056640625,2103831.21426259,1362270982209.64,4.93053712027,99.02856578936,99.11688946586,104.38934626847,10373017.8966956,7.81126245902,127.24863696462292
2011-04-01,31.694100807688375,91.01776885986328,2081352.26717346,1359282652629.73,5.13242804754,98.65400786822,98.8024201159,110.85425939228,10682390.7528464,7.82641010839,115.89279459373088
2011-05-01,20.822138635142394,105.34491729736328,2147658.5734302,1371672072997.82,4.9893204807,98.66534178704,98.86348678442,109.65086444918,10715356.9059597,7.81926293378,89.15224753600766
2011-06-01,29.773988361077276,84.391845703125,2117011.85584482,1380995774239.55,5.09362773577,98.71844202601,98.81351518938,110.58739605338,10783270.3058874,7.85578393435,117.62375547052456
2011-07-01,30.572540300166757,78.92475891113281,2119706.12945353,1387465151822.29,5.15159796343,98.7012529982,98.96314910204,108.83125233548,10919873.7795728,7.83425225014,156.7749666068204
2011-08-01,30.831003083100306,86.95156860351562,2184086.08787711,1395298960820.16,5.10511498064,98.74508986145,99.03989702712,108.59952533737,11150010.6062307,7.8220303499,215.04025635776983
2011-09-01,21.23505839641059,83.35044860839844,2135657.42836446,1395505533063.12,5.10865582547,99.28735634086,99.54796997492,108.68140611408,10910338.7626214,7.82400251264,190.52202343302585
2011-10-01,36.76591274661064,76.33993530273438,2101559.309259,1397199071070.72,5.2562823719,99.61537190736,99.74420472416,103.17685440659,11046389.1507588,7.75579566504,166.42259733945411
2011-11-01,36.3832367605444,83.15767669677734,2163119.28109014,1400989664790.87,5.07718054851,99.71775053459,99.89033453838,102.90143483434,10982547.1380552,7.77871583579,198.1211777476476
2011-12-01,30.96628897177845,85.34132385253906,2118168.06167255,1411076058740.48,5.16582453063,99.94290027085,100.06976649204,103.08633431151,10942084.5329819,7.76252236272,182.7966282986918
2012-01-01,29.71968929415738,79.63497161865234,2131385.7352499,1413046269507.03,5.19397426996,100.03881560668,100.26344690583,103.11304463039,11070362.6682564,7.72169144196,161.99389161080495
2012-02-01,23.25581395348837,92.4458236694336,2301114.45700115,1425001568100.51,4.87021440957,99.54249581847,99.86696024465,102.56227300363,11206920.7865616,7.76674102835,142.615642592632
2012-03-01,27.713625866050805,88.75997924804688,2143112.32767237,1423742109200.29,5.22884105661,99.49081029071,99.68841059695,103.15395292518,11205993.7278628,7.78331045836,134.69717056856243
2012-04-01,21.945866861741038,96.01668548583984,2094539.25801088,1419040803408.46,5.38605340274,99.54953424217,99.72562590362,99.87259467143,11281300.2977873,7.7050729386,127.52490068212434
2012-05-01,28.601950446259345,78.17115783691406,2163549.32791114,1427901872632.14,5.14852761263,99.88637147889,100.01074347254,100.32570437885,11139093.4560397,7.71442600786,160.4430521832645
2012-06-01,20.71747900992258,77.82243347167969,2091222.60471168,1423980156295.02,5.39715851027,100.18788453543,100.22801043862,100.64692193646,11286659.8778914,7.72705002046,189.43889353391367
2012-07-01,29.370787363030466,82.80802154541016,2115425.05509619,1427091354886.3,5.34870798599,100.17101741037,100.42220961638,99.809073359,11314790.8859582,7.755490553,160.22501100064989
2012-08-01,20.969405293915433,74.87835693359375,2114763.82517593,1425485459319.95,5.41079107519,99.95922650635,100.27589855157,99.91523368738,11442545.2314021,7.75787186815,123.09478602729588
2012-09-01,22.710068130204387,69.28050994873047,2104853.94418507,1421404909544.55,5.4938708399,99.54759596543,99.8606759407,99.8988344393,11563795.7062033,7.69756264018,152.07997238108166
2012-10-01,27.77777777777778,81.66366577148438,2141352.8310988,1428987602165.36,5.41822965738,99.35200124055,99.80132621256,101.45377868455,11602341.4163667,7.73555666587,159.55273615716035
2012-11-01,27.588635830007043,81.38964080810547,2183508.50053287,1431291321208.39,5.32806784212,99.40502146286,99.9076317252,101.32755326753,11633881.4246898,7.75052229616,173.73267978380804
2012-12-01,25.884868606156097,74.83155822753906,2109226.23075616,1437964518932.57,5.55879632758,99.09955278364,99.68339033752,101.96135941612,11724759.0255536,7.77860004599,168.51030685239976
2013-01-01,22.872623911884883,90.6574935913086,2250801.58654047,1440252278972.99,5.27035552895,98.99881419752,99.74343628633,102.22617961475,11862524.5861866,7.90282181197,167.88987591330297
2013-02-01,28.596860026892408,81.59033203125,2124479.88822953,1441451684926.61,5.54910135645,99.01995462504,99.92476629855,102.5296151363,11788954.2295257,7.84875613054,125.5645353773696
2013-03-01,31.863079794255544,75.89672088623047,2069699.60220121,1451253995755.41,5.72380183275,99.21291825602,100.02291368582,102.2721037274,11846550.3763295,7.80851600908,141.53837201373477
2013-04-01,11.299123628947802,95.10787200927734,2153791.18601121,1456058914415.21,5.581797963,99.06242937412,99.91558128272,100.47686976844,12022027.2548084,7.85903014432,133.62721683735504
2013-05-01,33.6477185827173,83.71731567382812,2293415.78286411,1459173297259.12,5.20821792655,98.99439783264,99.92331504015,101.67702532824,11944609.1933517,7.83957638368,106.2849041036024
2013-06-01,26.86384551958933,82.97300720214844,2323291.66455403,1458882804014.27,5.10054331306,99.05620714671,99.90316355227,101.37039697093,11850049.7639373,7.80327104648,119.51842842342934
2013-07-01,24.47206335239771,73.97581481933594,2421800.12338385,1466653788892.39,4.93406578849,98.86396653393,99.50374243626,100.92617594493,11949321.1353405,7.75328757196,108.34897991568758
2013-08-01,20.349087157146545,90.95674896240234,2300028.0109862,1473597108582.75,5.19975819194,98.75451049322,99.33894897695,101.38166551925,11959589.4918101,7.74364658614,118.5730830053012
2013-09-01,25.629940711462453,100.4593276977539,2312717.23602935,1481556097370.81,5.26447362532,98.7523628141,99.21860732766,101.37846195974,12175238.8919036,7.72473908723,132.7188848704299
2013-10-01,33.370411568409345,72.95311737060547,2347446.40711978,1483975951752.88,5.244421143,98.47371508324,99.03973687983,102.64575604196,12310997.5695588,7.69549274525,158.69105192844003
2013-11-01,26.026085915998564,77.77902221679688,2309766.91065973,1493848693537.97,5.35345727873,98.58258491686,99.21267804453,103.57070122006,12365238.4800395,7.63211173824,96.36248097666912
2013-12-01,21.482277121374864,70.37248992919922,2410779.67727695,1493313976274.4,5.14369737028,98.48822848952,99.16245159304,103.62004392617,12400321.086338,7.56237757729,119.33505490755348
2014-01-01,23.00868880748388,77.91596984863281,2475526.50114596,1499792476504.16,5.01500288917,98.69220883625,99.50513903568,102.88140757753,12414772.5554715,7.56199854545,111.04320492032046
2014-02-01,26.79938744257274,69.00352478027344,2662204.87260085,1505410877335.73,4.69718230852,98.64299194371,99.42798911837,102.84112976685,12504861.6292273,7.56387083597,98.2136098908705
2014-03-01,27.133125505137972,119.83855438232422,2454845.72188739,1510591521402.71,5.1207812687,98.61329515401,99.20485266301,103.57729766003,12570727.9901813,7.55658871757,113.565446812965
2014-04-01,24.473668691395883,93.22154235839844,2557717.59648529,1514078180145.82,4.93667052257,98.56817007137,99.21613900881,104.60058914463,12626609.0636214,7.44586069426,101.69477751370684
2014-05-01,16.783803629497534,83.4288558959961,2430874.01116848,1514517305447.84,5.2062693281,98.527461901,99.2464646698,104.47049606591,12655784.8048279,7.44148083383,104.18299204720743
2014-06-01,27.614024201054914,98.76710510253906,2447849.25324194,1514761002410.54,5.19565709505,98.59060464846,99.34043483345,104.89066080473,12718185.3402314,7.40844282351,86.67605830985062
2014-07-01,20.208604954367665,138.7539520263672,2404012.07067788,1522709659920.78,5.26561451805,98.56917699561,99.53524297839,101.94789301589,12658600.8609359,7.41529621368,93.1779134257756
2014-08-01,22.245147978593074,136.44558715820312,2485644.02424639,1513839189680.02,5.09214731977,98.68790291759,99.62204317524,102.98239503385,12657265.5559707,7.39657639748,99.63214416784592
2014-09-01,19.87130961392884,131.55665588378906,2553341.46078348,1531094117475.72,4.87576042915,98.85453097929,99.802129644,102.78369387317,12449481.2565882,7.3499543646,123.56237086842728
2014-10-01,21.015148419485712,83.66100311279297,2420765.35049112,1529979179539.0,5.11011836601,99.05055906473,99.97616512545,97.21187621051,12370397.47734,7.31218537674,119.27351805394056
2014-11-01,25.030099486724538,84.38005065917969,2362371.38503251,1534910404778.61,5.22260099514,99.30346322045,100.202143913,97.4359172775,12337723.1463613,7.31101024176,114.05978227101372
2014-12-01,28.699306433427857,86.5262222290039,2377011.39532174,1542620004708.12,5.14500480253,99.58845053237,100.44952008706,97.94846493568,12229735.0445897,7.21498844132,111.55866266278996
2015-01-01,26.612767390938185,111.9856948852539,2340259.97989481,1537636193455.86,5.20758010207,100.14661976767,101.08573039424,90.5015128837,12187091.3049752,7.25712461524,136.205034256515
2015-02-01,25.19270539575108,111.92469787597656,2347820.35316616,1537497757346.48,5.18513024396,100.4015494603,101.29706788795,90.70902581622,12173754.3205912,7.27862246273,113.05868381630896
2015-03-01,20.873133800325476,104.23526763916016,2401208.96178165,1537522614694.98,5.01572483711,100.77536216669,101.70036932234,91.11428200139,12043803.4287101,7.24143129706,103.92467585620318
2015-04-01,21.36752136752137,102.19049072265625,2271583.91210977,1540597883369.0,5.35406999284,100.66197019904,101.53989436104,89.99136073709,12162219.260038,7.25263076199,102.12178171778548
2015-05-01,43.439846856133116,76.2623291015625,2235881.57801216,1539839162564.83,5.40899793191,100.44355434501,101.41136712989,90.18798894003,12093878.8314735,7.26155934383,106.3830544325417
2015-06-01,44.50311144635112,85.90596771240234,2311760.30964433,1545889919279.29,5.22625194279,100.57945086123,101.50266004684,90.24056519443,12081841.8095406,7.23048152862,117.33795904960716
2015-07-01,26.47870515402402,106.80866241455078,2312461.99768003,1549649141739.39,5.17843786221,100.96196480959,102.00405593467,89.01072583147,11974940.7637178,7.22193158525,128.47496729939172
2015-08-01,35.422343324250676,82.47853088378906,2314824.38866952,1549075589056.39,5.12864095378,101.32876096633,102.27270173255,89.2076871645,11871903.1605382,7.20488851043,131.11511068901945
2015-09-01,29.24724893064746,98.7674560546875,2292061.65460048,1556996489463.97,5.15909839094,101.47446629886,102.27700183121,89.55868757431,11824971.5941798,7.19491569092,174.36147828455628
2015-10-01,53.25218714340053,91.931884765625,2364423.56848477,1558144588183.24,4.99838289193,101.23799950841,102.11653445994,88.09971032349,11818294.3140019,7.18678217337,125.1914003126364
2015-11-01,30.720786452133176,150.71588134765625,2254495.45256547,1555285570296.26,5.15582568346,101.69547345041,102.76358131832,87.46502252735,11623785.5575764,7.2178707289,101.82186516296623
2015-12-01,31.821492926427176,148.23687744140625,2246286.71343461,1553077606890.22,5.14078173161,101.75838869088,102.62482991514,88.59939306569,11547669.7003788,7.2278268483,113.06931612281844
2016-01-01,36.03343903142116,118.21114349365234,2082612.58230385,1564668256654.02,5.48556860742,102.13355113925,103.02404265037,88.20695933095,11424314.2028974,7.20618797665,149.5674756031764
2016-02-01,32.20794967981509,103.74964904785156,2186781.45124325,1566268179925.13,5.22814446488,101.8811449535,102.53323243402,88.58010466403,11432809.3402241,7.23940105007,155.86606876397724
2016-03-01,54.3267365153279,109.72029113769531,2185841.96974361,1562314007659.56,5.2894384871,101.40661379601,102.00077174701,88.28322830486,11561876.6414754,7.32801615443,166.25536035118375
2016-04-01,46.85040811097691,85.22145080566406,2381414.86006089,1570375610990.02,4.88072553616,100.93026490871,101.70049208308,91.15871202443,11623032.3196871,7.31809631514,144.61639638415272
2016-05-01,57.42132900154887,88.3324203491211,2151299.51847289,1566351906892.88,5.37685254219,101.25257752071,102.20242175006,91.38963196732,11567220.2849188,7.28839831917,132.83291982043104
2016-06-01,74.69130472325361,90.16812896728516,2235015.37399272,1576615922221.1,5.20047371813,101.33737851653,102.27314342257,91.54140841189,11623138.7120616,7.32280592706,243.3182821961318
2016-07-01,46.107946840249525,114.6104507446289,2071758.92789349,1574855448785.2,5.61892444399,101.24242722012,102.19333577868,91.48822459373,11641056.8819873,7.29780140134,236.20460645224816
2016-08-01,43.67019509184981,98.73848724365234,2165144.44424812,1580788386548.06,5.37555895252,100.97955484535,101.87452650914,91.51460473904,11638861.6007833,7.3119223512,143.84678374477855
2016-09-01,44.24597484534393,104.54522705078125,2185275.96467887,1583303728405.98,5.32703813782,101.159924459,101.99837673757,91.54178201706,11641048.4054978,7.32033233744,149.05129895510643
2016-10-01,50.46019699660908,85.74778747558594,2150445.55141233,1589819849040.58,5.36592882315,101.37308411383,102.23115284363,89.3056534823,11539137.7669441,7.31184679459,134.16655520011636
2016-11-01,111.29687126821113,82.91875457763672,2343652.64078313,1600984549505.74,4.85708535797,101.88217533161,102.80666323208,89.10913927682,11383320.9257214,7.27620639504,251.39847710479415
2016-12-01,105.83833809195629,102.18046569824219,2213389.99827483,1605925916992.6,5.12344126483,102.35661971221,103.33572977688,89.17250175145,11340173.6523253,7.30454893653,222.4516386405882
2017-01-01,166.42099757500833,105.20123291015625,2323467.82135002,1602409829995.55,4.91106013012,102.46081826794,103.50909991544,89.27448022798,11410690.1810574,7.37419809283,265.8685301890549
2017-02-01,122.70261730475538,114.20635986328125,2294415.59464737,1607249704971.42,4.98990173583,102.10621002233,103.21360674809,89.65141792931,11448908.3584399,7.32684702487,202.18270698788737
2017-03-01,90.58218398652646,96.63587951660156,2419288.7763756,1617824943384.31,4.76516654398,101.84078798717,102.82009771358,89.74696787702,11528313.9374176,7.26732486505,235.46507067030691
2017-04-01,97.09221270663214,119.45992279052734,2246752.24731329,1625038344842.98,5.16912678956,101.62551191883,102.66788100283,92.1570111444,11613747.231092,7.16405787078,181.29625404864424
2017-05-01,54.45591438583198,102.57996368408203,2718372.42342809,1630966232004.81,4.3075886307,101.33119944193,102.28955092208,92.46160714365,11709630.1451656,7.13748311158,165.98032242217204
2017-06-01,60.11549749124302,126.78901672363281,2434176.96088452,1634361276879.02,4.83631052112,100.95997210734,101.85137665815,92.63450256179,11772435.6461831,7.06715225076,169.65509417896877
2017-07-01,65.97735105859182,102.81346130371094,2526099.88661442,1635362428007.79,4.69815236657,100.63349551253,101.56930774942,97.69326123134,11868002.160499,7.0137046764,149.13398991354023
2017-08-01,54.82564457176726,138.5316162109375,2511610.32225129,1647477561354.99,4.75089623604,100.3545068961,101.25546272401,97.89539479329,11932400.026391,6.99536600944,141.11948063566962
2017-09-01,51.304181051016485,115.5344467163086,2327517.45699171,1646483266528.37,5.14552736686,100.18815614232,101.13735270363,98.51138870598,11976304.7718019,6.98302130549,157.42566802379983
2017-10-01,47.73744405768275,91.4615707397461,2539291.27157373,1652081175618.93,4.71465062888,100.58753262691,101.45709051721,97.56258288757,11971871.1904294,6.89832738124,150.6060915435894
2017-11-01,44.02949445652751,92.59601593017578,2649581.59182438,1670502181702.74,4.53976792232,100.59048295452,101.4297103636,98.84010603827,12028485.5181418,6.88711295605,155.8516642429099
2017-12-01,46.75210384467301,82.71825408935547,2635911.28559082,1678826825019.35,4.59696037489,100.44439347882,101.31856853948,99.44095248996,12117179.7315809,6.83570721308,149.53968961817358
2018-01-01,73.21468799279117,92.42678833007812,2687086.58502858,1676365019807.24,4.57058313765,99.99640634007,100.96702714961,102.83366836232,12281552.6349381,6.75556968731,151.64425402035806
2018-02-01,57.02965542081883,64.49137115478516,2775131.45650178,1681379455497.65,4.40321482258,99.81623407179,100.63682962382,102.55206689329,12219499.9638687,6.77504328151,124.83537407298112
2018-03-01,260.5556427562392,111.96229553222656,2628246.23017317,1683195980157.44,4.67152698662,99.891132895,100.53766244687,103.02857838904,12277923.1917468,6.72419907876,168.48453923984877
2018-04-01,174.20814479638008,123.26347351074219,2816089.07337611,1693082309202.76,4.33774478449,99.84618704941,100.46178015394,99.43839105825,12215475.6907009,6.68819295524,157.69408543256313
2018-05-01,152.24991541671366,125.66661834716797,2843517.68066664,1693229661054.3,4.27639463736,100.5040015586,100.94217287167,100.71283003318,12160003.760841,6.6209412424,175.91278050237295
2018-06-01,228.62316790221269,103.96858978271484,2681274.03066395,1693127128508.74,4.52611288028,100.90201108668,101.29257557217,100.64019231655,12135748.9257519,6.65231101914,178.33741282732828
2018-07-01,246.381805651275,110.02842712402344,2864028.61292541,1698602173435.29,4.23615794115,100.89990037482,101.38065372712,97.51763651034,12132477.5523123,6.58664900533,223.66435764095135
2018-08-01,225.82880905625507,112.74168395996094,2572679.02471072,1706900504306.98,4.71048846191,101.09061701988,101.47659079687,97.78875136625,12118574.8620952,6.5912190192,180.0514080549699
2018-09-01,150.10885756846568,75.05390930175781,2911874.58750885,1698073588266.46,4.14251375315,101.17473494677,101.26898021008,97.59611770328,12062480.5262073,6.55955931321,195.98495849542607
2018-10-01,155.20703315786616,92.0164794921875,2906413.88918212,1710294843689.67,4.11879726352,101.28043625041,101.61986970262,96.60515035825,11970929.5734316,6.5995462755,221.78458161225208
2018-11-01,144.83103046445814,80.40758514404297,2744887.05200379,1703778153701.66,4.3809275723,101.53964656443,102.07030616624,97.07533131931,12025151.3689818,6.60847736051,247.29985030033677
2018-12-01,164.64574417498812,90.607666015625,2666089.93169116,1706395193864.51,4.53402683205,101.42288052948,101.90507344029,96.92508052894,12088123.2869459,6.65042593332,270.8904607646285
2019-01-01,141.71077343349836,87.42410278320312,2553562.18382815,1710120323810.97,4.76415033979,101.21040124285,101.83581085484,97.12581788617,12165554.1457572,6.75180858906,263.32781227761274
2019-02-01,127.47170749906726,96.80016326904297,2462945.83606834,1711028711475.84,4.94737367563,101.35317061625,101.90860256275,97.20662448469,12185113.393867,6.71531745079,205.68947870107604
2019-03-01,94.09791773419668,82.32829284667969,2559149.69113021,1724308459779.02,4.79870669859,101.60998744731,102.04245666335,97.76187374124,12280608.765526,6.6905540532,250.97500789611607
2019-04-01,91.15902184922588,79.25344848632812,2667134.13176986,1723253863326.92,4.61247849281,101.68449543922,102.09186318934,96.97295147969,12302098.8202303,6.61501111695,191.581683033558
2019-05-01,189.79333614508647,106.4719009399414,2639254.28873749,1726716287978.96,4.65650160348,101.90939359772,102.2718669284,96.56419530627,12289691.8275026,6.57453817567,241.48293951643427
2019-06-01,266.00452355197166,106.58845520019531,2539299.2952379,1711148450601.24,4.90358862769,101.64942106076,102.08855461236,96.82083204383,12451679.1464301,6.51917428278,316.5329096108339
2019-07-01,145.1146457343524,93.52125549316406,2881445.21178366,1718296464565.42,4.30876947915,101.57977039604,102.33179093149,95.98012807253,12415483.1843755,6.58519879787,262.04133846418586
2019-08-01,254.22015566562214,103.4044189453125,2453974.61404248,1716250363314.72,5.07672189886,101.88207450244,102.4101089102,96.55701362928,12458146.6623594,6.55852243386,317.81909975977504
2019-09-01,136.9317333067769,90.36798858642578,2499797.86954157,1723657883119.85,4.96420167274,102.07565464947,102.56336461166,96.82467931298,12409500.765496,6.57486994658,273.8658485954781
2019-10-01,139.26630434782606,97.83673095703125,2581544.28184895,1718446638029.36,4.83841972031,101.7883991758,102.43549776823,96.08907100724,12490594.7621566,6.582537182,258.45596324668475
2019-11-01,119.83535664044183,73.07838439941406,2461374.58926702,1723975522090.59,5.05877159103,101.78764771284,102.56323845019,96.68188371255,12451531.8470647,6.56361063538,253.46684796858133
2019-12-01,146.31522323830015,74.27989196777344,2637061.20451257,1725733071616.6,4.76892211011,101.70586025697,102.41237389586,97.43149696685,12575939.4839167,6.53277321876,266.1682626834127
2020-01-01,139.64033596125108,138.4209442138672,2675991.58750902,1635727339813.03,4.7161131753,101.64991387343,102.47497824101,96.36844073214,12620279.1828484,6.64524452761,228.01071789494904
2020-02-01,95.7377758546084,75.95555877685547,2549480.73196425,1642954347561.86,4.97269585609,102.11339307765,102.90098023539,96.00862606214,12677792.27102,6.65124323406,230.56226290988064
2020-03-01,61.234102684879886,81.54003143310547,2340870.49199793,1635731338671.38,5.33884248716,102.63615623593,102.98111323253,88.78240161993,12497538.8396159,6.90159853215,357.00669338847064
2020-04-01,55.478502080443825,69.33940124511719,2069479.3033438,1470824495898.01,6.09546009329,103.43335621438,103.56173424576,74.36295595085,12614428.5074163,9.3144811244,358.98895871589235
2020-05-01,66.5,68.50721740722656,2108473.56807528,1512916731086.74,6.04147120857,103.17238338709,103.29324310102,84.99797610355,12738282.3555672,9.44927424518,431.6423744980644
2020-06-01,59.9,71.22785949707031,2464112.3409826,1601239217734.44,5.22584512027,102.2038019504,102.35464146178,92.05979785314,12877069.4529105,9.16256573618,328.70887586589487
2020-07-01,57.4,66.47328186035156,2395863.46622923,1658567674195.26,5.4984673682,101.77286151472,102.16456286369,98.74474860642,13173577.087727,9.03281751555,352.13918263067427
2020-08-01,67.2,65.46604919433594,2439328.58951864,1679011097130.55,5.42510298434,101.05776620068,101.58878756392,99.7474189285,13233608.8107874,8.74640008861,301.68978966009087
2020-09-01,67.8,80.37738037109375,2412737.21269761,1709150910596.11,5.45867377227,100.95627307893,101.53605472558,99.89112718626,13170345.342326,8.6042007644,290.01401913356005
2020-10-01,70.24901703800785,76.08316802978516,2382203.79383355,1729294080304.03,5.55178361239,100.58967498527,101.29233452197,102.97132877506,13225479.9839879,8.47153358655,307.7767775643895
2020-11-01,69.8753423891777,70.06746673583984,2580696.45491547,1745300095147.65,5.19254415023,100.26460234092,101.04427044879,99.67566148001,13400380.2804941,8.33860194973,368.4186704383788
2020-12-01,98.01160367261872,64.06729125976562,2603132.68277047,1759731900201.44,5.24279956835,99.64229027476,100.38281723942,101.42249314171,13647702.9055995,8.3017746271,295.68451290122255
2021-01-01,75.4428165318171,77.418701171875,2639127.57671918,1771343110319.74,5.16540025439,99.7156237863,100.32299850776,100.25057964504,13632150.2561567,8.05835663904,280.61179179458486
2021-02-01,36.8550368550368,73.95680236816406,2797092.45492742,1762699799805.56,4.86390480814,100.01563633098,100.61460845413,102.59253020543,13604791.4403382,8.03167360753,215.39828527923123
2021-03-01,46.8245425188374,78.61876678466797,2878717.32444884,1775932103541.97,4.67147114133,100.61845189397,101.17638990977,105.81689734039,13447844.9052022,7.87666919164,215.28777388710668
2021-04-01,47.9506793012901,88.16622161865234,2859774.53146507,1798122418545.1,4.754276355,100.33806419822,100.94723434151,105.45127489537,13596158.4355756,7.90279445577,199.4025468895693
2021-05-01,49.2583573168031,93.00713348388672,2741024.94392396,1771671169073.19,5.00613876995,100.0331068284,100.78470393249,107.14826864718,13721951.2411806,7.75465347625,190.2845715671504
2021-06-01,49.3487117690939,74.12712097167969,2849909.85846926,1783517437649.83,4.81239090075,100.17339352421,101.16599298761,108.76947355016,13714880.2708448,7.59795957029,178.8375602863134
2021-07-01,57.2197913160552,58.42076873779297,2869243.68437826,1786984062834.89,4.81592849508,100.55913799427,101.76661121596,105.59163058458,13818072.4189283,7.36357654441,205.5489963258521
2021-08-01,39.4601395402035,89.4865493774414,2988222.93382218,1780287120094.33,4.846864125,100.6054040862,101.89071621305,105.7580955529,14483510.5354523,7.24373475809,216.49514459621557
2021-09-01,51.5433023673958,80.69696807861328,2940411.39335792,1768962980570.72,4.89482401276,100.60859595731,101.8892859435,106.45209139609,14392796.2956146,7.06682529465,205.3819462606216
2021-10-01,56.0620995564317,79.02923583984375,2925713.64820947,1788220378878.63,4.9330275872,100.93690052779,102.41218662225,104.10598865924,14432626.1388644,6.9953860907,195.25222383613615
2021-11-01,48.4903342600375,86.56914520263672,3130099.66154929,1813766323731.79,4.60457088177,101.41098360805,102.88139237576,104.48291955991,14412765.7586176,6.86052927108,228.04866213154315
2021-12-01,37.1166243406915,105.34542083740234,3150284.50115808,1830765747807.32,4.59654969223,101.77855296472,103.21595388497,104.17430980483,14480439.2542435,6.74123030023,266.16738207313057
2022-01-01,46.6062754365235,138.67498779296875,3125132.31371863,1837376330466.31,4.58404622427,101.7173230917,103.13446969597,102.1971860006,14325750.9830525,6.60094139072,232.05951564434272
2022-02-01,54.3041029766693,216.1590118408203,3238066.00222143,1845750441334.61,4.42269841628,101.75397315934,103.10514204394,103.10000931235,14320989.3798479,6.43469395372,191.88756506227168
2022-03-01,53.6275658016396,318.9549255371094,3075659.19930488,1836492770337.82,4.56521158629,102.53840643165,103.59838758235,104.48895459142,14041035.0121318,6.32275894567,330.0724872853031
2022-04-01,41.1926245586504,191.14309692382812,3236560.0899179,1810270039082.48,4.23816883923,103.09242773029,104.37166285566,100.22660275016,13717088.1193706,6.16859090581,302.96319944021843
2022-05-01,63.2872122603462,142.25848388671875,3377565.30369658,1821920696816.88,4.05821646884,103.70448520267,105.3036959843,100.25588655994,13706891.140058,6.08433054799,291.2564361143977
2022-06-01,74.5108202669431,130.7073211669922,3646737.180556,1839189674013.64,3.67053965078,103.93539566923,105.80611475768,99.71001874499,13385493.4171932,6.052909206,275.28262072254444
2022-07-01,67.0362253448498,117.17676544189453,3259821.10377652,1835879051268.78,4.09232714206,104.8015654507,106.77134353933,94.78026604726,13340254.3812313,5.96690676772,317.21271532102344
2022-08-01,65.8574380165289,132.86322021484375,3338358.90242674,1845182378547.65,3.94624164024,104.89747698784,106.74450483704,95.29638499721,13173970.9108231,5.95578023709,257.1891872900699
2022-09-01,48.5060147458284,131.98587036132812,3253032.32972414,1854166885443.51,3.9460695904,105.69380806513,107.52415728409,95.56060327798,12836691.9529182,5.94405648775,281.91782159326914
2022-10-01,46.5525918470055,143.16241455078125,3164421.11311123,1844079782600.12,4.04836140485,105.9439037527,107.78972644591,95.64819384892,12810720.3030148,5.91055017158,301.2885160393558
2022-11-01,49.3046776232616,116.7162857055664,3119992.48861999,1843119559951.72,4.20887039704,104.91640947146,106.48734303588,95.56371255413,13131644.0243424,5.89191444106,332.46600071547914
2022-12-01,48.7704354993817,111.19593811035156,3066669.42851345,1833070554355.39,4.31638474775,103.84037855863,105.17686275651,95.11913200163,13236925.1476299,5.87590882709,263.55212038786084
2023-01-01,52.73804363531281,104.26704406738281,3167954.32954504,1845748168564.14,4.22859165297,103.00783915983,104.27939660579,100.02157981137,13395985.2348927,5.84057352745,247.370606274351
2023-02-01,43.6817472698908,120.99437713623047,3091800.32500387,1853657204859.2,4.25212682836,103.11898489596,104.3870465044,100.2284720024,13146727.1098801,5.82316929478,243.4146358677818
2023-03-01,65.44138123085492,105.38619232177734,3191195.73753534,1853732011419.44,4.19007795348,103.25058577769,104.39105575638,99.73410615948,13371358.9050962,5.78994809928,310.65563693388395
2023-04-01,33.89330975537872,106.8235092163086,3117670.62819169,1840107036311.42,4.30946810961,102.76634870805,103.77568314178,100.77788552205,13435502.1484465,5.72134202152,231.6801125923934
2023-05-01,59.65593784683685,108.47425842285156,3164371.90889259,1856584834522.67,4.20916168655,103.03265704603,104.16533354834,101.16955649996,13319353.0009073,5.71344484009,228.3454254756037
2023-06-01,52.33044934412503,110.56951904296875,3153350.9358538,1863575435862.28,4.23888330122,103.04062678389,104.06562943997,101.07576190445,13366686.6248701,5.63479421407,229.72057183661707
2023-07-01,63.29554148987968,107.2617416381836,3056381.58728945,1859773070971.34,4.39819034824,102.60252510154,103.40167150956,100.88706346678,13442547.9977659,5.68650318665,226.33137756005183
2023-08-01,59.96592844974447,101.25176239013672,3173665.72286266,1870756707902.48,4.19888671477,103.05222415676,103.75632875563,101.0020666349,13325862.8408496,5.69561689049,211.1386900418957
2023-09-01,63.60424028268552,98.84249877929688,3260694.75570469,1873791035260.94,4.02751118567,103.69846589858,104.37768225786,101.03626765985,13132484.6016598,5.66776396207,243.8964714493466
2023-10-01,44.45941394408892,197.96975708007812,3313450.64801793,1875236633795.56,3.95041032137,104.07458462768,104.94236427005,100.13035292906,13089489.6392961,5.65507154652,226.0939169621176
2023-11-01,40.94827586206897,156.4874725341797,3106750.0299282,1881066164768.09,4.30981711388,103.40976122833,104.42766672537,100.68054338757,13393459.4371973,5.66117577697,246.8587807498108
2023-12-01,65.30730716203469,142.0740203857422,3007754.79875221,1887680762778.97,4.54985356258,103.33468364964,103.83491971356,100.59170589877,13684844.5357451,5.67067489468,255.95306781876724
2024-01-01,69.55399397676753,159.7572021484375,3105054.07423722,1879626746868.82,4.3810119323,103.65716789321,103.85333832275,101.811391008,13603442.3059372,5.68673521071,229.81531723547417
2024-02-01,62.48571210851177,146.54066467285156,3173075.992885,1890715035241.92,4.27838733022,103.98225410602,104.10083673252,102.08654798484,13575648.5395628,5.70920560482,197.36974267940516
2024-03-01,82.06412128798944,132.656494140625,2993105.4621947,1882858478813.18,4.59437007268,103.90884902355,103.92058303624,102.64859659773,13751510.0824804,5.67820301628,177.02254669663444
